ZIPƒtƒ@ƒCƒ‹–¼,o—Í”NŒ“úE,’n”Ô‹æˆæ,’n”Ô,’n”Ô‹æˆæi•MŠE–¢’è’n\¬’n”Ôj,’n”Ôi•MŠE–¢’è’n\¬’n”Ôj
24382-1900-1.zip,202202041456,ˆÀŒ|ŒSŒ|”Z’¬,•Ê}-1,,
24382-1900-1.zip,202202041456,ˆÀŒ|ŒSŒ|”Z’¬,•Ê}-2,,
24382-1900-1.zip,202202041456,ˆÀŒ|ŒSŒ|”Z’¬,•Ê}-3,,
24382-1900-2.zip,202202041456,ˆÀŒ|ŒSŒ|”Z’¬,•MŠE–¢’è’n-1195,ˆÀŒ|ŒSŒ|”Z’¬,1195-4
24382-1900-2.zip,202202041456,ˆÀŒ|ŒSŒ|”Z’¬,•MŠE–¢’è’n-1195,ˆÀŒ|ŒSŒ|”Z’¬,1195-14
24382-1900-2.zip,202202041456,ˆÀŒ|ŒSŒ|”Z’¬,•MŠE–¢’è’n-1195,ˆÀŒ|ŒSŒ|”Z’¬,1195-15
24382-1900-2.zip,202202041456,ˆÀŒ|ŒSŒ|”Z’¬,•MŠE–¢’è’n-1195,ˆÀŒ|ŒSŒ|”Z’¬,1195-16
24382-1900-2.zip,202202041456,ˆÀŒ|ŒSŒ|”Z’¬,•MŠE–¢’è’n-1195,ˆÀŒ|ŒSŒ|”Z’¬,1195-17
24382-1900-2.zip,202202041456,ˆÀŒ|ŒSŒ|”Z’¬,•MŠE–¢’è’n-1195,ˆÀŒ|ŒSŒ|”Z’¬,1195-18
24382-1900-2.zip,202202041456,ˆÀŒ|ŒSŒ|”Z’¬,•MŠE–¢’è’n-1195,ˆÀŒ|ŒSŒ|”Z’¬,1195-19
24382-1900-2.zip,202202041456,ˆÀŒ|ŒSŒ|”Z’¬,•MŠE–¢’è’n-1195,ˆÀŒ|ŒSŒ|”Z’¬,1195-20
24382-1900-2.zip,202202041456,ˆÀŒ|ŒSŒ|”Z’¬,•MŠE–¢’è’n-1195,ˆÀŒ|ŒSŒ|”Z’¬,1195-21
24382-1900-2.zip,202202041456,ˆÀŒ|ŒSŒ|”Z’¬,•MŠE–¢’è’n-1195,ˆÀŒ|ŒSŒ|”Z’¬,1195-22
24382-1900-2.zip,202202041456,ˆÀŒ|ŒSŒ|”Z’¬,•MŠE–¢’è’n-1195,ˆÀŒ|ŒSŒ|”Z’¬,1195-23
24382-1900-2.zip,202202041456,ˆÀŒ|ŒSŒ|”Z’¬,•MŠE–¢’è’n-1195,ˆÀŒ|ŒSŒ|”Z’¬,1195-24
24382-1900-2.zip,202202041456,ˆÀŒ|ŒSŒ|”Z’¬,•MŠE–¢’è’n-1195,ˆÀŒ|ŒSŒ|”Z’¬,1195-25
24382-1900-2.zip,202202041456,ˆÀŒ|ŒSŒ|”Z’¬,•MŠE–¢’è’n-1195,ˆÀŒ|ŒSŒ|”Z’¬,1195-26
24382-1900-2.zip,202202041456,ˆÀŒ|ŒSŒ|”Z’¬,•MŠE–¢’è’n-1195,ˆÀŒ|ŒSŒ|”Z’¬,1195-27
24382-1900-2.zip,202202041456,ˆÀŒ|ŒSŒ|”Z’¬,•MŠE–¢’è’n-1195,ˆÀŒ|ŒSŒ|”Z’¬,1195-28
24382-1900-2.zip,202202041456,ˆÀŒ|ŒSŒ|”Z’¬,•MŠE–¢’è’n-1195,ˆÀŒ|ŒSŒ|”Z’¬,1195-29
24382-1900-2.zip,202202041456,ˆÀŒ|ŒSŒ|”Z’¬,•MŠE–¢’è’n-1195,ˆÀŒ|ŒSŒ|”Z’¬,1195-30
24382-1900-2.zip,202202041456,ˆÀŒ|ŒSŒ|”Z’¬,•MŠE–¢’è’n-1195,ˆÀŒ|ŒSŒ|”Z’¬,1195-31
24382-1900-2.zip,202202041456,ˆÀŒ|ŒSŒ|”Z’¬,•MŠE–¢’è’n-1195,ˆÀŒ|ŒSŒ|”Z’¬,1195-32
24382-1900-2.zip,202202041456,ˆÀŒ|ŒSŒ|”Z’¬,•MŠE–¢’è’n-1195,ˆÀŒ|ŒSŒ|”Z’¬,1195-33
24382-1900-2.zip,202202041456,ˆÀŒ|ŒSŒ|”Z’¬,•MŠE–¢’è’n-1195,ˆÀŒ|ŒSŒ|”Z’¬,1195-34
24382-1900-2.zip,202202041456,ˆÀŒ|ŒSŒ|”Z’¬,•MŠE–¢’è’n-1195,ˆÀŒ|ŒSŒ|”Z’¬,1195-35
24382-1900-2.zip,202202041456,ˆÀŒ|ŒSŒ|”Z’¬,•MŠE–¢’è’n-1195,ˆÀŒ|ŒSŒ|”Z’¬,1195-36
24382-1900-2.zip,202202041456,ˆÀŒ|ŒSŒ|”Z’¬,•MŠE–¢’è’n-1195,ˆÀŒ|ŒSŒ|”Z’¬,1195-37
24382-1900-2.zip,202202041456,ˆÀŒ|ŒSŒ|”Z’¬,•MŠE–¢’è’n-1195,ˆÀŒ|ŒSŒ|”Z’¬,1195-38
24382-1900-2.zip,202202041456,ˆÀŒ|ŒSŒ|”Z’¬,•MŠE–¢’è’n-1195,ˆÀŒ|ŒSŒ|”Z’¬,1195-39
24382-1900-2.zip,202202041456,ˆÀŒ|ŒSŒ|”Z’¬,•MŠE–¢’è’n-1195,ˆÀŒ|ŒSŒ|”Z’¬,1195-40
24382-1900-2.zip,202202041456,ˆÀŒ|ŒSŒ|”Z’¬,•MŠE–¢’è’n-1195,ˆÀŒ|ŒSŒ|”Z’¬,1195-41
24382-1900-2.zip,202202041456,ˆÀŒ|ŒSŒ|”Z’¬,•MŠE–¢’è’n-1195,ˆÀŒ|ŒSŒ|”Z’¬,1195-42
24382-1900-2.zip,202202041456,ˆÀŒ|ŒSŒ|”Z’¬,•MŠE–¢’è’n-1195,ˆÀŒ|ŒSŒ|”Z’¬,1195-43
24382-1900-2.zip,202202041456,ˆÀŒ|ŒSŒ|”Z’¬,•MŠE–¢’è’n-1195,ˆÀŒ|ŒSŒ|”Z’¬,1195-44
24382-1900-2.zip,202202041456,ˆÀŒ|ŒSŒ|”Z’¬,•MŠE–¢’è’n-1195,ˆÀŒ|ŒSŒ|”Z’¬,1195-45
24382-1900-2.zip,202202041456,ˆÀŒ|ŒSŒ|”Z’¬,•MŠE–¢’è’n-1195,ˆÀŒ|ŒSŒ|”Z’¬,1195-46
24382-1900-2.zip,202202041456,ˆÀŒ|ŒSŒ|”Z’¬,•MŠE–¢’è’n-1195,ˆÀŒ|ŒSŒ|”Z’¬,1195-47
24382-1900-2.zip,202202041456,ˆÀŒ|ŒSŒ|”Z’¬,•MŠE–¢’è’n-1195,ˆÀŒ|ŒSŒ|”Z’¬,1195-48
24382-1900-2.zip,202202041456,ˆÀŒ|ŒSŒ|”Z’¬,•MŠE–¢’è’n-1195,ˆÀŒ|ŒSŒ|”Z’¬,1195-49
24382-1900-2.zip,202202041456,ˆÀŒ|ŒSŒ|”Z’¬,•MŠE–¢’è’n-1195,ˆÀŒ|ŒSŒ|”Z’¬,1195-50
24382-1900-2.zip,202202041456,ˆÀŒ|ŒSŒ|”Z’¬,•MŠE–¢’è’n-1195,ˆÀŒ|ŒSŒ|”Z’¬,1195-51
24382-1900-2.zip,202202041456,ˆÀŒ|ŒSŒ|”Z’¬,•MŠE–¢’è’n-1195,ˆÀŒ|ŒSŒ|”Z’¬,1195-52
24382-1900-2.zip,202202041456,ˆÀŒ|ŒSŒ|”Z’¬,•MŠE–¢’è’n-1195,ˆÀŒ|ŒSŒ|”Z’¬,1195-53
24382-1900-2.zip,202202041456,ˆÀŒ|ŒSŒ|”Z’¬,•MŠE–¢’è’n-1195,ˆÀŒ|ŒSŒ|”Z’¬,1195-54
24382-1900-2.zip,202202041456,ˆÀŒ|ŒSŒ|”Z’¬,•MŠE–¢’è’n-1195,ˆÀŒ|ŒSŒ|”Z’¬,1195-55
24382-1900-2.zip,202202041456,ˆÀŒ|ŒSŒ|”Z’¬,•MŠE–¢’è’n-1195,ˆÀŒ|ŒSŒ|”Z’¬,1195-56
24382-1900-2.zip,202202041456,ˆÀŒ|ŒSŒ|”Z’¬,•MŠE–¢’è’n-1195,ˆÀŒ|ŒSŒ|”Z’¬,1195-57
24382-1900-2.zip,202202041456,ˆÀŒ|ŒSŒ|”Z’¬,•MŠE–¢’è’n-1195,ˆÀŒ|ŒSŒ|”Z’¬,1195-58
24382-1900-2.zip,202202041456,ˆÀŒ|ŒSŒ|”Z’¬,•MŠE–¢’è’n-1195,ˆÀŒ|ŒSŒ|”Z’¬,1195-59
24382-1900-2.zip,202202041456,ˆÀŒ|ŒSŒ|”Z’¬,•MŠE–¢’è’n-1195,ˆÀŒ|ŒSŒ|”Z’¬,1195-60
24382-1900-2.zip,202202041456,ˆÀŒ|ŒSŒ|”Z’¬,•MŠE–¢’è’n-1195,ˆÀŒ|ŒSŒ|”Z’¬,1195-61
24382-1900-2.zip,202202041456,ˆÀŒ|ŒSŒ|”Z’¬,•MŠE–¢’è’n-1195,ˆÀŒ|ŒSŒ|”Z’¬,1195-62
24382-1900-2.zip,202202041456,ˆÀŒ|ŒSŒ|”Z’¬,•MŠE–¢’è’n-1195,ˆÀŒ|ŒSŒ|”Z’¬,1195-63
24382-1900-2.zip,202202041456,ˆÀŒ|ŒSŒ|”Z’¬,•MŠE–¢’è’n-1195,ˆÀŒ|ŒSŒ|”Z’¬,1195-64
24382-1900-2.zip,202202041456,ˆÀŒ|ŒSŒ|”Z’¬,•MŠE–¢’è’n-1195,ˆÀŒ|ŒSŒ|”Z’¬,1195-65
24382-1900-2.zip,202202041456,ˆÀŒ|ŒSŒ|”Z’¬,•MŠE–¢’è’n-1195,ˆÀŒ|ŒSŒ|”Z’¬,1195-66
24382-1900-2.zip,202202041456,ˆÀŒ|ŒSŒ|”Z’¬,•MŠE–¢’è’n-1195,ˆÀŒ|ŒSŒ|”Z’¬,1195-67
24382-1900-2.zip,202202041456,ˆÀŒ|ŒSŒ|”Z’¬,•MŠE–¢’è’n-1195,ˆÀŒ|ŒSŒ|”Z’¬,1195-68
24382-1900-2.zip,202202041456,ˆÀŒ|ŒSŒ|”Z’¬,•MŠE–¢’è’n-1195,ˆÀŒ|ŒSŒ|”Z’¬,1195-69
24382-1900-2.zip,202202041456,ˆÀŒ|ŒSŒ|”Z’¬,•MŠE–¢’è’n-1195,ˆÀŒ|ŒSŒ|”Z’¬,1195-70
24382-1900-2.zip,202202041456,ˆÀŒ|ŒSŒ|”Z’¬,•MŠE–¢’è’n-1195,ˆÀŒ|ŒSŒ|”Z’¬,1195-71
24382-1900-2.zip,202202041456,ˆÀŒ|ŒSŒ|”Z’¬,•MŠE–¢’è’n-1195,ˆÀŒ|ŒSŒ|”Z’¬,1195-72
24382-1900-2.zip,202202041456,ˆÀŒ|ŒSŒ|”Z’¬,•MŠE–¢’è’n-1195,ˆÀŒ|ŒSŒ|”Z’¬,1195-73
24382-1900-2.zip,202202041456,ˆÀŒ|ŒSŒ|”Z’¬,•MŠE–¢’è’n-1195,ˆÀŒ|ŒSŒ|”Z’¬,1195-74
24382-1900-2.zip,202202041456,ˆÀŒ|ŒSŒ|”Z’¬,•MŠE–¢’è’n-1195,ˆÀŒ|ŒSŒ|”Z’¬,1195-75
24382-1900-2.zip,202202041456,ˆÀŒ|ŒSŒ|”Z’¬,•MŠE–¢’è’n-1195,ˆÀŒ|ŒSŒ|”Z’¬,1195-76
24382-1900-2.zip,202202041456,ˆÀŒ|ŒSŒ|”Z’¬,•MŠE–¢’è’n-1195,ˆÀŒ|ŒSŒ|”Z’¬,1195-77
24382-1900-2.zip,202202041456,ˆÀŒ|ŒSŒ|”Z’¬,•MŠE–¢’è’n-1195,ˆÀŒ|ŒSŒ|”Z’¬,1195-78
24382-1900-2.zip,202202041456,ˆÀŒ|ŒSŒ|”Z’¬,•MŠE–¢’è’n-1195,ˆÀŒ|ŒSŒ|”Z’¬,1195-81
24382-1900-2.zip,202202041456,ˆÀŒ|ŒSŒ|”Z’¬,•MŠE–¢’è’n-1195,ˆÀŒ|ŒSŒ|”Z’¬,1195-84
24382-1900-2.zip,202202041456,ˆÀŒ|ŒSŒ|”Z’¬,•MŠE–¢’è’n-1195,ˆÀŒ|ŒSŒ|”Z’¬,1195-85
24382-1900-2.zip,202202041456,ˆÀŒ|ŒSŒ|”Z’¬,•MŠE–¢’è’n-1195,ˆÀŒ|ŒSŒ|”Z’¬,1195-86
24382-1900-2.zip,202202041456,ˆÀŒ|ŒSŒ|”Z’¬,•MŠE–¢’è’n-1195,ˆÀŒ|ŒSŒ|”Z’¬,1195-87
